ReportIDNumber,DetailLineNumber,PlayerName,TeamName,CenterText,G,PA,BF,AB,R,H,S,D,T,HR,TB,OE,FC,BB,HP,HB,CO,SO,SH,SF,DP,SB,CS,RBI,CHS,LHS,C,A,E,PB,IP,ER,WP,Bk,PO,PickOff,Ball,Strike,TP,GS,GF,CG,W,L,Sv,Sho,BA,FA,OBP,SLG,PP,RC,TA,SBA,CSA,Rng,ERA,SOG,WHIP,SPct,User1,User2,User3,User4,User5,UserS1,UserS2,UserS3,UserS4,UserS5
1,1,,,,,,,,,,,,,,,,,,,,,,,,,,,,,,,,,,,,,,,,,,,,,,,,,,,,,,,,,,,,,,,,,,,,,,,,,
1,2,"Tom Hauser               ",,,,,,,,,,,,,,,,"645",,,,,,,,,,,,,,,,,"3,314.0",,,,,,,,,,,,"264","210",,,,,,,,,,,,,,,,,"96",,,,,,,,,
1,3,"Steve Rapps              ",,,,,,,,,,,,,,,,"786",,,,,,,,,,,,,,,,,"3,374.0",,,,,,,,,,,,"249","249",,,,,,,,,,,,,,,,,"105",,,,,,,,,
1,4,"Bob Baker                ",,,,,,,,,,,,,,,,"337",,,,,,,,,,,,,,,,,"2,107.0",,,,,,,,,,,,"162","136",,,,,,,,,,,,,,,,,"67",,,,,,,,,
1,5,"Steve Wilson             ",,,,,,,,,,,,,,,,"292",,,,,,,,,,,,,,,,,"1,871.0",,,,,,,,,,,,"154","119",,,,,,,,,,,,,,,,,"25",,,,,,,,,
1,6,"Hank Culley              ",,,,,,,,,,,,,,,,"275",,,,,,,,,,,,,,,,,"1,795.0",,,,,,,,,,,,"149","113",,,,,,,,,,,,,,,,,"61",,,,,,,,,
1,7,"Jack Seddon              ",,,,,,,,,,,,,,,,"340",,,,,,,,,,,,,,,,,"1,873.0",,,,,,,,,,,,"145","131",,,,,,,,,,,,,,,,,"55",,,,,,,,,
1,8,"Ken Young                ",,,,,,,,,,,,,,,,"392",,,,,,,,,,,,,,,,,"1,940.0",,,,,,,,,,,,"133","125",,,,,,,,,,,,,,,,,"52",,,,,,,,,
1,9,"Jeff Boyden              ",,,,,,,,,,,,,,,,"317",,,,,,,,,,,,,,,,,"1,572.0",,,,,,,,,,,,"116","115",,,,,,,,,,,,,,,,,"19",,,,,,,,,
1,10,"John Rebardo             ",,,,,,,,,,,,,,,,"357",,,,,,,,,,,,,,,,,"1,440.0",,,,,,,,,,,,"107","100",,,,,,,,,,,,,,,,,"51",,,,,,,,,
1,11,"Joe Phipps               ",,,,,,,,,,,,,,,,"237",,,,,,,,,,,,,,,,,"1,247.0",,,,,,,,,,,,"106","75",,,,,,,,,,,,,,,,,"23",,,,,,,,,
1,12,"Dan Sapochetti           ",,,,,,,,,,,,,,,,"345",,,,,,,,,,,,,,,,,"1,642.0",,,,,,,,,,,,"103","132",,,,,,,,,,,,,,,,,"50",,,,,,,,,
1,13,"Bud Shelley              ",,,,,,,,,,,,,,,,"129",,,,,,,,,,,,,,,,,"1,154.0",,,,,,,,,,,,"99","66",,,,,,,,,,,,,,,,,"34",,,,,,,,,
1,14,"Charlie Wilson           ",,,,,,,,,,,,,,,,"202",,,,,,,,,,,,,,,,,"1,298.0",,,,,,,,,,,,"94","96",,,,,,,,,,,,,,,,,"24",,,,,,,,,
1,15,"Craig Dahlquist          ",,,,,,,,,,,,,,,,"334",,,,,,,,,,,,,,,,,"1,223.0",,,,,,,,,,,,"94","88",,,,,,,,,,,,,,,,,"31",,,,,,,,,
1,16,"Gary Nutley              ",,,,,,,,,,,,,,,,"127",,,,,,,,,,,,,,,,,"1,242.0",,,,,,,,,,,,"88","96",,,,,,,,,,,,,,,,,"42",,,,,,,,,
1,17,"Dennis Graves            ",,,,,,,,,,,,,,,,"334",,,,,,,,,,,,,,,,,"1,275.0",,,,,,,,,,,,"84","104",,,,,,,,,,,,,,,,,"18",,,,,,,,,
1,18,"Larry Wizauer            ",,,,,,,,,,,,,,,,"283",,,,,,,,,,,,,,,,,"1,286.0",,,,,,,,,,,,"83","105",,,,,,,,,,,,,,,,,"29",,,,,,,,,
1,19,"Don Geisler              ",,,,,,,,,,,,,,,,"113",,,,,,,,,,,,,,,,,"905.0",,,,,,,,,,,,"81","50",,,,,,,,,,,,,,,,,"21",,,,,,,,,
1,20,"Mark Brimer              ",,,,,,,,,,,,,,,,"122",,,,,,,,,,,,,,,,,"1,211.0",,,,,,,,,,,,"79","97",,,,,,,,,,,,,,,,,"30",,,,,,,,,
1,21,"Steve White              ",,,,,,,,,,,,,,,,"208",,,,,,,,,,,,,,,,,"950.0",,,,,,,,,,,,"67","69",,,,,,,,,,,,,,,,,"14",,,,,,,,,
1,22,"Chris Margevicius        ",,,,,,,,,,,,,,,,"85",,,,,,,,,,,,,,,,,"755.0",,,,,,,,,,,,"60","51",,,,,,,,,,,,,,,,,"23",,,,,,,,,
1,23,"Tom Simmons              ",,,,,,,,,,,,,,,,"334",,,,,,,,,,,,,,,,,"908.0",,,,,,,,,,,,"54","77",,,,,,,,,,,,,,,,,"18",,,,,,,,,
1,24,"John Cahill              ",,,,,,,,,,,,,,,,"261",,,,,,,,,,,,,,,,,"737.0",,,,,,,,,,,,"50","61",,,,,,,,,,,,,,,,,"24",,,,,,,,,
1,25,"Bob Farley               ",,,,,,,,,,,,,,,,"187",,,,,,,,,,,,,,,,,"737.0",,,,,,,,,,,,"45","62",,,,,,,,,,,,,,,,,"25",,,,,,,,,
1,26,"Doug Domeier             ",,,,,,,,,,,,,,,,"94",,,,,,,,,,,,,,,,,"465.0",,,,,,,,,,,,"44","23",,,,,,,,,,,,,,,,,"27",,,,,,,,,
1,27,"C.J. O'Neill             ",,,,,,,,,,,,,,,,"118",,,,,,,,,,,,,,,,,"696.0",,,,,,,,,,,,"42","64",,,,,,,,,,,,,,,,,"14",,,,,,,,,
1,28,"Ernie Vandersteen        ",,,,,,,,,,,,,,,,"139",,,,,,,,,,,,,,,,,"580.0",,,,,,,,,,,,"41","44",,,,,,,,,,,,,,,,,"39",,,,,,,,,
1,29,"Avalanche Subs           ",,,,,,,,,,,,,,,,"109",,,,,,,,,,,,,,,,,"539.0",,,,,,,,,,,,"39","38",,,,,,,,,,,,,,,,,"7",,,,,,,,,
1,30,"Kevin Hayes              ",,,,,,,,,,,,,,,,"27",,,,,,,,,,,,,,,,,"414.0",,,,,,,,,,,,"37","23",,,,,,,,,,,,,,,,,"4",,,,,,,,,
1,31,"Jamie Hall               ",,,,,,,,,,,,,,,,"82",,,,,,,,,,,,,,,,,"501.0",,,,,,,,,,,,"35","41",,,,,,,,,,,,,,,,,"23",,,,,,,,,
1,32,"Mac MacAulay             ",,,,,,,,,,,,,,,,"92",,,,,,,,,,,,,,,,,"520.0",,,,,,,,,,,,"33","43",,,,,,,,,,,,,,,,,"20",,,,,,,,,
1,33,"Donny Meyer              ",,,,,,,,,,,,,,,,"161",,,,,,,,,,,,,,,,,"489.0",,,,,,,,,,,,"32","38",,,,,,,,,,,,,,,,,"8",,,,,,,,,
1,34,"Phil D'Adamo             ",,,,,,,,,,,,,,,,"35",,,,,,,,,,,,,,,,,"385.0",,,,,,,,,,,,"31","25",,,,,,,,,,,,,,,,,"7",,,,,,,,,
1,35,"Tom Fichtner             ",,,,,,,,,,,,,,,,"140",,,,,,,,,,,,,,,,,"454.0",,,,,,,,,,,,"30","36",,,,,,,,,,,,,,,,,"3",,,,,,,,,
1,36,"Don Barnes               ",,,,,,,,,,,,,,,,"161",,,,,,,,,,,,,,,,,"349.0",,,,,,,,,,,,"29","22",,,,,,,,,,,,,,,,,"10",,,,,,,,,
1,37,"Chris Maggio             ",,,,,,,,,,,,,,,,"198",,,,,,,,,,,,,,,,,"442.0",,,,,,,,,,,,"27","39",,,,,,,,,,,,,,,,,"7",,,,,,,,,
1,38,"Islanders Subs           ",,,,,,,,,,,,,,,,"76",,,,,,,,,,,,,,,,,"361.0",,,,,,,,,,,,"26","26",,,,,,,,,,,,,,,,,"8",,,,,,,,,
1,39,"Jim Bellinger            ",,,,,,,,,,,,,,,,"33",,,,,,,,,,,,,,,,,"360.0",,,,,,,,,,,,"25","27",,,,,,,,,,,,,,,,,"8",,,,,,,,,
1,40,"Mike Guadagnolo          ",,,,,,,,,,,,,,,,"54",,,,,,,,,,,,,,,,,"311.0",,,,,,,,,,,,"25","20",,,,,,,,,,,,,,,,,"0",,,,,,,,,
1,41,"Larry Webb               ",,,,,,,,,,,,,,,,"33",,,,,,,,,,,,,,,,,"290.0",,,,,,,,,,,,"24","16",,,,,,,,,,,,,,,,,"1",,,,,,,,,
1,42,"Mark Golden              ",,,,,,,,,,,,,,,,"49",,,,,,,,,,,,,,,,,"206.0",,,,,,,,,,,,"19","12",,,,,,,,,,,,,,,,,"8",,,,,,,,,
1,43,"Rebels Subs              ",,,,,,,,,,,,,,,,"69",,,,,,,,,,,,,,,,,"299.0",,,,,,,,,,,,"17","25",,,,,,,,,,,,,,,,,"6",,,,,,,,,
1,44,"Bob Brooke               ",,,,,,,,,,,,,,,,"49",,,,,,,,,,,,,,,,,"202.0",,,,,,,,,,,,"17","11",,,,,,,,,,,,,,,,,"5",,,,,,,,,
1,45,"Mighty Ducks Subs        ",,,,,,,,,,,,,,,,"31",,,,,,,,,,,,,,,,,"206.0",,,,,,,,,,,,"16","11",,,,,,,,,,,,,,,,,"13",,,,,,,,,
1,46,"Rich Ostrowski           ",,,,,,,,,,,,,,,,"55",,,,,,,,,,,,,,,,,"240.0",,,,,,,,,,,,"15","19",,,,,,,,,,,,,,,,,"5",,,,,,,,,
1,47,"Flames Subs              ",,,,,,,,,,,,,,,,"45",,,,,,,,,,,,,,,,,"185.0",,,,,,,,,,,,"15","11",,,,,,,,,,,,,,,,,"3",,,,,,,,,
1,48,"Craig Horton             ",,,,,,,,,,,,,,,,"36",,,,,,,,,,,,,,,,,"156.0",,,,,,,,,,,,"15","9",,,,,,,,,,,,,,,,,"4",,,,,,,,,
1,49,"Rangers Subs             ",,,,,,,,,,,,,,,,"40",,,,,,,,,,,,,,,,,"152.0",,,,,,,,,,,,"15","7",,,,,,,,,,,,,,,,,"5",,,,,,,,,
1,50,"Vipers Subs              ",,,,,,,,,,,,,,,,"69",,,,,,,,,,,,,,,,,"239.0",,,,,,,,,,,,"14","20",,,,,,,,,,,,,,,,,"18",,,,,,,,,
1,51,"Hurricanes Subs          ",,,,,,,,,,,,,,,,"36",,,,,,,,,,,,,,,,,"195.0",,,,,,,,,,,,"14","15",,,,,,,,,,,,,,,,,"3",,,,,,,,,
1,52,"Troy Soeder              ",,,,,,,,,,,,,,,,"39",,,,,,,,,,,,,,,,,"152.0",,,,,,,,,,,,"14","8",,,,,,,,,,,,,,,,,"1",,,,,,,,,
1,53,"Giants Subs              ",,,,,,,,,,,,,,,,"22",,,,,,,,,,,,,,,,,"145.0",,,,,,,,,,,,"14","7",,,,,,,,,,,,,,,,,"1",,,,,,,,,
1,54,"Michael Jeffries         ",,,,,,,,,,,,,,,,"105",,,,,,,,,,,,,,,,,"294.0",,,,,,,,,,,,"13","29",,,,,,,,,,,,,,,,,"6",,,,,,,,,
1,55,"Stars Subs               ",,,,,,,,,,,,,,,,"49",,,,,,,,,,,,,,,,,"233.0",,,,,,,,,,,,"13","22",,,,,,,,,,,,,,,,,"8",,,,,,,,,
1,56,"Doug Moffatt             ",,,,,,,,,,,,,,,,"84",,,,,,,,,,,,,,,,,"217.0",,,,,,,,,,,,"13","19",,,,,,,,,,,,,,,,,"6",,,,,,,,,
1,57,"Patriots Subs            ",,,,,,,,,,,,,,,,"45",,,,,,,,,,,,,,,,,"203.0",,,,,,,,,,,,"13","16",,,,,,,,,,,,,,,,,"11",,,,,,,,,
1,58,"Tom Kehne                ",,,,,,,,,,,,,,,,"73",,,,,,,,,,,,,,,,,"195.0",,,,,,,,,,,,"13","15",,,,,,,,,,,,,,,,,"1",,,,,,,,,
1,59,"Lightning Subs           ",,,,,,,,,,,,,,,,"39",,,,,,,,,,,,,,,,,"164.0",,,,,,,,,,,,"13","11",,,,,,,,,,,,,,,,,"12",,,,,,,,,
1,60,"Tom Curley               ",,,,,,,,,,,,,,,,"56",,,,,,,,,,,,,,,,,"198.0",,,,,,,,,,,,"12","17",,,,,,,,,,,,,,,,,"3",,,,,,,,,
1,61,"Bruins Subs              ",,,,,,,,,,,,,,,,"25",,,,,,,,,,,,,,,,,"172.0",,,,,,,,,,,,"12","13",,,,,,,,,,,,,,,,,"5",,,,,,,,,
1,62,"Bill DiCarlo             ",,,,,,,,,,,,,,,,"70",,,,,,,,,,,,,,,,,"178.0",,,,,,,,,,,,"11","15",,,,,,,,,,,,,,,,,"5",,,,,,,,,
1,63,"Ron Bormann              ",,,,,,,,,,,,,,,,"29",,,,,,,,,,,,,,,,,"134.0",,,,,,,,,,,,"11","9",,,,,,,,,,,,,,,,,"4",,,,,,,,,
1,64,"Floyd Williams           ",,,,,,,,,,,,,,,,"25",,,,,,,,,,,,,,,,,"150.0",,,,,,,,,,,,"9","13",,,,,,,,,,,,,,,,,"1",,,,,,,,,
1,65,"Team USA Subs            ",,,,,,,,,,,,,,,,"34",,,,,,,,,,,,,,,,,"142.0",,,,,,,,,,,,"9","11",,,,,,,,,,,,,,,,,"4",,,,,,,,,
1,66,"Bob Riley                ",,,,,,,,,,,,,,,,"43",,,,,,,,,,,,,,,,,"135.0",,,,,,,,,,,,"9","12",,,,,,,,,,,,,,,,,"12",,,,,,,,,
1,67,"Roger Scott              ",,,,,,,,,,,,,,,,"10",,,,,,,,,,,,,,,,,"117.0",,,,,,,,,,,,"9","8",,,,,,,,,,,,,,,,,"2",,,,,,,,,
1,68,"Linwood Manning          ",,,,,,,,,,,,,,,,"113",,,,,,,,,,,,,,,,,"235.0",,,,,,,,,,,,"8","27",,,,,,,,,,,,,,,,,"17",,,,,,,,,
1,69,"Canucks Subs             ",,,,,,,,,,,,,,,,"36",,,,,,,,,,,,,,,,,"158.0",,,,,,,,,,,,"8","14",,,,,,,,,,,,,,,,,"4",,,,,,,,,
1,70,"John Vanarnhem           ",,,,,,,,,,,,,,,,"56",,,,,,,,,,,,,,,,,"127.0",,,,,,,,,,,,"8","10",,,,,,,,,,,,,,,,,"11",,,,,,,,,
1,71,"Clippers Subs            ",,,,,,,,,,,,,,,,"23",,,,,,,,,,,,,,,,,"116.0",,,,,,,,,,,,"8","10",,,,,,,,,,,,,,,,,"0",,,,,,,,,
1,72,"Jim Wulff                ",,,,,,,,,,,,,,,,"45",,,,,,,,,,,,,,,,,"116.0",,,,,,,,,,,,"8","10",,,,,,,,,,,,,,,,,"2",,,,,,,,,
1,73,"Steve Long               ",,,,,,,,,,,,,,,,"39",,,,,,,,,,,,,,,,,"155.0",,,,,,,,,,,,"7","15",,,,,,,,,,,,,,,,,"4",,,,,,,,,
1,74,"Wolverines Subs          ",,,,,,,,,,,,,,,,"12",,,,,,,,,,,,,,,,,"101.0",,,,,,,,,,,,"7","8",,,,,,,,,,,,,,,,,"1",,,,,,,,,
1,75,"Don Duell                ",,,,,,,,,,,,,,,,"23",,,,,,,,,,,,,,,,,"84.0",,,,,,,,,,,,"7","6",,,,,,,,,,,,,,,,,"2",,,,,,,,,
1,76,"Relics Subs              ",,,,,,,,,,,,,,,,"9",,,,,,,,,,,,,,,,,"75.0",,,,,,,,,,,,"7","4",,,,,,,,,,,,,,,,,"1",,,,,,,,,
1,77,"Jan Held                 ",,,,,,,,,,,,,,,,"38",,,,,,,,,,,,,,,,,"115.0",,,,,,,,,,,,"6","9",,,,,,,,,,,,,,,,,"3",,,,,,,,,
1,78,"Woody Byars              ",,,,,,,,,,,,,,,,"59",,,,,,,,,,,,,,,,,"105.0",,,,,,,,,,,,"6","10",,,,,,,,,,,,,,,,,"1",,,,,,,,,
1,79,"Steve Mills              ",,,,,,,,,,,,,,,,"20",,,,,,,,,,,,,,,,,"68.0",,,,,,,,,,,,"6","5",,,,,,,,,,,,,,,,,"1",,,,,,,,,
1,80,"Pat Perkins              ",,,,,,,,,,,,,,,,"21",,,,,,,,,,,,,,,,,"56.0",,,,,,,,,,,,"6","2",,,,,,,,,,,,,,,,,"0",,,,,,,,,
1,81,"Mo",,,,,,,,,,,,,,,,"8",,,,,,,,,,,,,,,,,"48.0",,,,,,,,,,,,"5","2",,,,,,,,,,,,,,,,,"0",,,,,,,,,
1,82,"Raptors Subs             ",,,,,,,,,,,,,,,,"3",,,,,,,,,,,,,,,,,"46.0",,,,,,,,,,,,"5","2",,,,,,,,,,,,,,,,,"0",,,,,,,,,
1,83,"Bearcats Subs            ",,,,,,,,,,,,,,,,"5",,,,,,,,,,,,,,,,,"35.0",,,,,,,,,,,,"5","0",,,,,,,,,,,,,,,,,"1",,,,,,,,,
1,84,"Bill Dunn                ",,,,,,,,,,,,,,,,"6",,,,,,,,,,,,,,,,,"35.0",,,,,,,,,,,,"5","0",,,,,,,,,,,,,,,,,"1",,,,,,,,,
1,85,"Flyers Subs              ",,,,,,,,,,,,,,,,"27",,,,,,,,,,,,,,,,,"104.0",,,,,,,,,,,,"4","11",,,,,,,,,,,,,,,,,"3",,,,,,,,,
1,86,"Ed Krisha                ",,,,,,,,,,,,,,,,"9",,,,,,,,,,,,,,,,,"96.0",,,,,,,,,,,,"4","10",,,,,,,,,,,,,,,,,"1",,,,,,,,,
1,87,"Bill Cecil               ",,,,,,,,,,,,,,,,"64",,,,,,,,,,,,,,,,,"79.0",,,,,,,,,,,,"4","6",,,,,,,,,,,,,,,,,"0",,,,,,,,,
1,88,"North Stars Subs         ",,,,,,,,,,,,,,,,"26",,,,,,,,,,,,,,,,,"78.0",,,,,,,,,,,,"4","7",,,,,,,,,,,,,,,,,"1",,,,,,,,,
1,89,"Panthers Subs            ",,,,,,,,,,,,,,,,"22",,,,,,,,,,,,,,,,,"69.0",,,,,,,,,,,,"4","6",,,,,,,,,,,,,,,,,"0",,,,,,,,,
1,90,"Gunslingers Subs         ",,,,,,,,,,,,,,,,"8",,,,,,,,,,,,,,,,,"54.0",,,,,,,,,,,,"4","4",,,,,,,,,,,,,,,,,"4",,,,,,,,,
1,91,"Cyclones Subs            ",,,,,,,,,,,,,,,,"12",,,,,,,,,,,,,,,,,"51.0",,,,,,,,,,,,"4","4",,,,,,,,,,,,,,,,,"1",,,,,,,,,
1,92,"Chris Schubert           ",,,,,,,,,,,,,,,,"40",,,,,,,,,,,,,,,,,"49.0",,,,,,,,,,,,"4","4",,,,,,,,,,,,,,,,,"1",,,,,,,,,
1,93,"Yankees Subs             ",,,,,,,,,,,,,,,,"7",,,,,,,,,,,,,,,,,"41.0",,,,,,,,,,,,"4","2",,,,,,,,,,,,,,,,,"2",,,,,,,,,
1,94,"Buckeyes Subs            ",,,,,,,,,,,,,,,,"4",,,,,,,,,,,,,,,,,"30.0",,,,,,,,,,,,"4","0",,,,,,,,,,,,,,,,,"1",,,,,,,,,
1,95,"Paul Ruiz                ",,,,,,,,,,,,,,,,"64",,,,,,,,,,,,,,,,,"90.0",,,,,,,,,,,,"3","10",,,,,,,,,,,,,,,,,"1",,,,,,,,,
1,96,"Hawks Subs               ",,,,,,,,,,,,,,,,"11",,,,,,,,,,,,,,,,,"71.0",,,,,,,,,,,,"3","8",,,,,,,,,,,,,,,,,"1",,,,,,,,,
1,97,"Lug Nuts Subs            ",,,,,,,,,,,,,,,,"5",,,,,,,,,,,,,,,,,"34.0",,,,,,,,,,,,"3","2",,,,,,,,,,,,,,,,,"0",,,,,,,,,
1,98,"Bolts Subs               ",,,,,,,,,,,,,,,,"7",,,,,,,,,,,,,,,,,"28.0",,,,,,,,,,,,"3","1",,,,,,,,,,,,,,,,,"0",,,,,,,,,
1,99,"Wildcats Subs            ",,,,,,,,,,,,,,,,"2",,,,,,,,,,,,,,,,,"27.0",,,,,,,,,,,,"3","1",,,,,,,,,,,,,,,,,"0",,,,,,,,,
1,100,"Dave Sellars             ",,,,,,,,,,,,,,,,"4",,,,,,,,,,,,,,,,,"19.0",,,,,,,,,,,,"3","0",,,,,,,,,,,,,,,,,"0",,,,,,,,,
1,101,"Wild Subs                ",,,,,,,,,,,,,,,,"38",,,,,,,,,,,,,,,,,"88.0",,,,,,,,,,,,"2","11",,,,,,,,,,,,,,,,,"3",,,,,,,,,
1,102,"Wings Subs               ",,,,,,,,,,,,,,,,"19",,,,,,,,,,,,,,,,,"87.0",,,,,,,,,,,,"2","11",,,,,,,,,,,,,,,,,"3",,,,,,,,,
1,103,"Xtreme Subs              ",,,,,,,,,,,,,,,,"11",,,,,,,,,,,,,,,,,"61.0",,,,,,,,,,,,"2","7",,,,,,,,,,,,,,,,,"3",,,,,,,,,
1,104,"Ron Fischer              ",,,,,,,,,,,,,,,,"35",,,,,,,,,,,,,,,,,"47.0",,,,,,,,,,,,"2","5",,,,,,,,,,,,,,,,,"0",,,,,,,,,
1,105,"Maple Leafs Subs         ",,,,,,,,,,,,,,,,"8",,,,,,,,,,,,,,,,,"42.0",,,,,,,,,,,,"2","4",,,,,,,,,,,,,,,,,"1",,,,,,,,,
1,106,"Brewers Subs             ",,,,,,,,,,,,,,,,"2",,,,,,,,,,,,,,,,,"32.0",,,,,,,,,,,,"2","3",,,,,,,,,,,,,,,,,"0",,,,,,,,,
1,107,"Ron Ancone               ",,,,,,,,,,,,,,,,"10",,,,,,,,,,,,,,,,,"31.0",,,,,,,,,,,,"2","3",,,,,,,,,,,,,,,,,"0",,,,,,,,,
1,108,"Charles Clare            ",,,,,,,,,,,,,,,,"5",,,,,,,,,,,,,,,,,"28.0",,,,,,,,,,,,"2","2",,,,,,,,,,,,,,,,,"2",,,,,,,,,
1,109,"Juggernaughts Subs       ",,,,,,,,,,,,,,,,"5",,,,,,,,,,,,,,,,,"28.0",,,,,,,,,,,,"2","2",,,,,,,,,,,,,,,,,"0",,,,,,,,,
1,110,"Backspin Subs            ",,,,,,,,,,,,,,,,"4",,,,,,,,,,,,,,,,,"21.0",,,,,,,,,,,,"2","1",,,,,,,,,,,,,,,,,"0",,,,,,,,,
1,111,"Solar Bears Subs         ",,,,,,,,,,,,,,,,"8",,,,,,,,,,,,,,,,,"20.0",,,,,,,,,,,,"2","1",,,,,,,,,,,,,,,,,"0",,,,,,,,,
1,112,"Tigers Subs              ",,,,,,,,,,,,,,,,"13",,,,,,,,,,,,,,,,,"20.0",,,,,,,,,,,,"2","1",,,,,,,,,,,,,,,,,"0",,,,,,,,,
1,113,"NY Giants Subs           ",,,,,,,,,,,,,,,,"6",,,,,,,,,,,,,,,,,"17.0",,,,,,,,,,,,"2","1",,,,,,,,,,,,,,,,,"0",,,,,,,,,
1,114,"Dave Royalty             ",,,,,,,,,,,,,,,,"8",,,,,,,,,,,,,,,,,"14.0",,,,,,,,,,,,"2","0",,,,,,,,,,,,,,,,,"0",,,,,,,,,
1,115,"Stingers Subs            ",,,,,,,,,,,,,,,,"1",,,,,,,,,,,,,,,,,"14.0",,,,,,,,,,,,"2","0",,,,,,,,,,,,,,,,,"0",,,,,,,,,
1,116,"Lightning Strikes Subs   ",,,,,,,,,,,,,,,,"1",,,,,,,,,,,,,,,,,"26.0",,,,,,,,,,,,"1","2",,,,,,,,,,,,,,,,,"0",,,,,,,,,
1,117,"Illegals Subs            ",,,,,,,,,,,,,,,,"4",,,,,,,,,,,,,,,,,"21.0",,,,,,,,,,,,"1","2",,,,,,,,,,,,,,,,,"0",,,,,,,,,
1,118,"Blues Subs               ",,,,,,,,,,,,,,,,"4",,,,,,,,,,,,,,,,,"21.0",,,,,,,,,,,,"1","2",,,,,,,,,,,,,,,,,"0",,,,,,,,,
1,119,"Phillies Subs            ",,,,,,,,,,,,,,,,"4",,,,,,,,,,,,,,,,,"21.0",,,,,,,,,,,,"1","2",,,,,,,,,,,,,,,,,"0",,,,,,,,,
1,120,"Bat Attitudes Subs       ",,,,,,,,,,,,,,,,"10",,,,,,,,,,,,,,,,,"20.0",,,,,,,,,,,,"1","2",,,,,,,,,,,,,,,,,"4",,,,,,,,,
1,121,"Bill Bohn                ",,,,,,,,,,,,,,,,"9",,,,,,,,,,,,,,,,,"17.0",,,,,,,,,,,,"1","1",,,,,,,,,,,,,,,,,"0",,,,,,,,,
1,122,"Shorebirds Subs          ",,,,,,,,,,,,,,,,"1",,,,,,,,,,,,,,,,,"15.0",,,,,,,,,,,,"1","1",,,,,,,,,,,,,,,,,"1",,,,,,,,,
1,123,"Angels Subs              ",,,,,,,,,,,,,,,,"6",,,,,,,,,,,,,,,,,"14.0",,,,,,,,,,,,"1","1",,,,,,,,,,,,,,,,,"2",,,,,,,,,
1,124,"Ralph Hollis             ",,,,,,,,,,,,,,,,"10",,,,,,,,,,,,,,,,,"13.0",,,,,,,,,,,,"1","1",,,,,,,,,,,,,,,,,"0",,,,,,,,,
1,125,"Vito Buccino             ",,,,,,,,,,,,,,,,"19",,,,,,,,,,,,,,,,,"12.0",,,,,,,,,,,,"1","1",,,,,,,,,,,,,,,,,"0",,,,,,,,,
1,126,"Mike Grogan              ",,,,,,,,,,,,,,,,"9",,,,,,,,,,,,,,,,,"11.0",,,,,,,,,,,,"1","1",,,,,,,,,,,,,,,,,"0",,,,,,,,,
1,127,"Diamond Dawgs Subs       ",,,,,,,,,,,,,,,,"2",,,,,,,,,,,,,,,,,"7.0",,,,,,,,,,,,"1","0",,,,,,,,,,,,,,,,,"1",,,,,,,,,
1,128,"Chris Kleisinger         ",,,,,,,,,,,,,,,,"1",,,,,,,,,,,,,,,,,"7.0",,,,,,,,,,,,"1","0",,,,,,,,,,,,,,,,,"0",,,,,,,,,
1,129,"Joe Schnichels           ",,,,,,,,,,,,,,,,"2",,,,,,,,,,,,,,,,,"7.0",,,,,,,,,,,,"1","0",,,,,,,,,,,,,,,,,"0",,,,,,,,,
1,130,"Peter Zrinski            ",,,,,,,,,,,,,,,,"0",,,,,,,,,,,,,,,,,"7.0",,,,,,,,,,,,"1","0",,,,,,,,,,,,,,,,,"0",,,,,,,,,
1,131,"Predators Subs           ",,,,,,,,,,,,,,,,"2",,,,,,,,,,,,,,,,,"6.0",,,,,,,,,,,,"1","0",,,,,,,,,,,,,,,,,"0",,,,,,,,,
1,132,"Beaver Burch             ",,,,,,,,,,,,,,,,"0",,,,,,,,,,,,,,,,,"3.0",,,,,,,,,,,,"1","0",,,,,,,,,,,,,,,,,"0",,,,,,,,,
1,133,"Jerry Callahan           ",,,,,,,,,,,,,,,,"0",,,,,,,,,,,,,,,,,"0.0",,,,,,,,,,,,"1","0",,,,,,,,,,,,,,,,,"0",,,,,,,,,
1,134,"Bombers Subs             ",,,,,,,,,,,,,,,,"5",,,,,,,,,,,,,,,,,"39.0",,,,,,,,,,,,"0","6",,,,,,,,,,,,,,,,,"2",,,,,,,,,
1,135,"Devils Subs              ",,,,,,,,,,,,,,,,"6",,,,,,,,,,,,,,,,,"30.0",,,,,,,,,,,,"0","4",,,,,,,,,,,,,,,,,"0",,,,,,,,,
1,136,"Red Wings Subs           ",,,,,,,,,,,,,,,,"2",,,,,,,,,,,,,,,,,"27.0",,,,,,,,,,,,"0","4",,,,,,,,,,,,,,,,,"0",,,,,,,,,
1,137,"Dan Shelley              ",,,,,,,,,,,,,,,,"37",,,,,,,,,,,,,,,,,"24.0",,,,,,,,,,,,"0","4",,,,,,,,,,,,,,,,,"0",,,,,,,,,
1,138,"Steve Spinosa            ",,,,,,,,,,,,,,,,"14",,,,,,,,,,,,,,,,,"22.0",,,,,,,,,,,,"0","3",,,,,,,,,,,,,,,,,"3",,,,,,,,,
1,139,"Cavaliers Subs           ",,,,,,,,,,,,,,,,"5",,,,,,,,,,,,,,,,,"19.0",,,,,,,,,,,,"0","3",,,,,,,,,,,,,,,,,"2",,,,,,,,,
1,140,"Jon Birkhofer            ",,,,,,,,,,,,,,,,"15",,,,,,,,,,,,,,,,,"19.0",,,,,,,,,,,,"0","3",,,,,,,,,,,,,,,,,"0",,,,,,,,,
1,141,"Al Rinehimer             ",,,,,,,,,,,,,,,,"5",,,,,,,,,,,,,,,,,"17.0",,,,,,,,,,,,"0","2",,,,,,,,,,,,,,,,,"0",,,,,,,,,
1,142,"Tom Bergman              ",,,,,,,,,,,,,,,,"6",,,,,,,,,,,,,,,,,"16.0",,,,,,,,,,,,"0","2",,,,,,,,,,,,,,,,,"0",,,,,,,,,
1,143,"Mike Kelley              ",,,,,,,,,,,,,,,,"21",,,,,,,,,,,,,,,,,"15.0",,,,,,,,,,,,"0","1",,,,,,,,,,,,,,,,,"2",,,,,,,,,
1,144,"David Fortier            ",,,,,,,,,,,,,,,,"7",,,,,,,,,,,,,,,,,"14.0",,,,,,,,,,,,"0","2",,,,,,,,,,,,,,,,,"0",,,,,,,,,
1,145,"Cardinals Subs           ",,,,,,,,,,,,,,,,"1",,,,,,,,,,,,,,,,,"11.0",,,,,,,,,,,,"0","2",,,,,,,,,,,,,,,,,"1",,,,,,,,,
1,146,"Keith Denmeade           ",,,,,,,,,,,,,,,,"3",,,,,,,,,,,,,,,,,"11.0",,,,,,,,,,,,"0","1",,,,,,,,,,,,,,,,,"0",,,,,,,,,
1,147,"Al Mahar                 ",,,,,,,,,,,,,,,,"4",,,,,,,,,,,,,,,,,"9.0",,,,,,,,,,,,"0","1",,,,,,,,,,,,,,,,,"0",,,,,,,,,
1,148,"Mike Ford                ",,,,,,,,,,,,,,,,"3",,,,,,,,,,,,,,,,,"8.0",,,,,,,,,,,,"0","2",,,,,,,,,,,,,,,,,"0",,,,,,,,,
1,149,"Tom Rogers               ",,,,,,,,,,,,,,,,"0",,,,,,,,,,,,,,,,,"7.0",,,,,,,,,,,,"0","1",,,,,,,,,,,,,,,,,"0",,,,,,,,,
1,150,"Sultans Subs             ",,,,,,,,,,,,,,,,"3",,,,,,,,,,,,,,,,,"7.0",,,,,,,,,,,,"0","1",,,,,,,,,,,,,,,,,"0",,,,,,,,,
1,151,"Pete Velez               ",,,,,,,,,,,,,,,,"1",,,,,,,,,,,,,,,,,"7.0",,,,,,,,,,,,"0","1",,,,,,,,,,,,,,,,,"0",,,,,,,,,
1,152,"Tony Chiravolo           ",,,,,,,,,,,,,,,,"1",,,,,,,,,,,,,,,,,"7.0",,,,,,,,,,,,"0","1",,,,,,,,,,,,,,,,,"1",,,,,,,,,
1,153,"Hitmen Subs              ",,,,,,,,,,,,,,,,"1",,,,,,,,,,,,,,,,,"7.0",,,,,,,,,,,,"0","1",,,,,,,,,,,,,,,,,"1",,,,,,,,,
1,154,"Brian Overton            ",,,,,,,,,,,,,,,,"4",,,,,,,,,,,,,,,,,"7.0",,,,,,,,,,,,"0","1",,,,,,,,,,,,,,,,,"2",,,,,,,,,
1,155,"Larry Oliver             ",,,,,,,,,,,,,,,,"5",,,,,,,,,,,,,,,,,"7.0",,,,,,,,,,,,"0","1",,,,,,,,,,,,,,,,,"0",,,,,,,,,
1,156,"Warhawks Subs            ",,,,,,,,,,,,,,,,"1",,,,,,,,,,,,,,,,,"7.0",,,,,,,,,,,,"0","1",,,,,,,,,,,,,,,,,"0",,,,,,,,,
1,157,"John Augustine           ",,,,,,,,,,,,,,,,"4",,,,,,,,,,,,,,,,,"6.0",,,,,,,,,,,,"0","1",,,,,,,,,,,,,,,,,"0",,,,,,,,,
1,158,"Bulls Subs               ",,,,,,,,,,,,,,,,"2",,,,,,,,,,,,,,,,,"6.0",,,,,,,,,,,,"0","1",,,,,,,,,,,,,,,,,"0",,,,,,,,,
1,159,"Steve Propert            ",,,,,,,,,,,,,,,,"1",,,,,,,,,,,,,,,,,"5.0",,,,,,,,,,,,"0","0",,,,,,,,,,,,,,,,,"0",,,,,,,,,
1,160,"Rick Rivard              ",,,,,,,,,,,,,,,,"0",,,,,,,,,,,,,,,,,"5.0",,,,,,,,,,,,"0","1",,,,,,,,,,,,,,,,,"0",,,,,,,,,
1,161,"Rick Sunderman           ",,,,,,,,,,,,,,,,"0",,,,,,,,,,,,,,,,,"4.0",,,,,,,,,,,,"0","0",,,,,,,,,,,,,,,,,"0",,,,,,,,,
1,162,"Howard Payne             ",,,,,,,,,,,,,,,,"1",,,,,,,,,,,,,,,,,"4.0",,,,,,,,,,,,"0","0",,,,,,,,,,,,,,,,,"0",,,,,,,,,
1,163,"Roadrunners Subs         ",,,,,,,,,,,,,,,,"0",,,,,,,,,,,,,,,,,"3.0",,,,,,,,,,,,"0","0",,,,,,,,,,,,,,,,,"0",,,,,,,,,
1,164,"Jim Welch                ",,,,,,,,,,,,,,,,"1",,,,,,,,,,,,,,,,,"2.0",,,,,,,,,,,,"0","0",,,,,,,,,,,,,,,,,"0",,,,,,,,,
1,165,"Jack Doan                ",,,,,,,,,,,,,,,,"2",,,,,,,,,,,,,,,,,"2.0",,,,,,,,,,,,"0","0",,,,,,,,,,,,,,,,,"0",,,,,,,,,
1,166,"Frank Randazzo           ",,,,,,,,,,,,,,,,"4",,,,,,,,,,,,,,,,,"2.0",,,,,,,,,,,,"0","0",,,,,,,,,,,,,,,,,"2",,,,,,,,,
1,167,"Wayne Joray              ",,,,,,,,,,,,,,,,"0",,,,,,,,,,,,,,,,,"1.0",,,,,,,,,,,,"0","0",,,,,,,,,,,,,,,,,"0",,,,,,,,,
1,168,"Death Stars Subs         ",,,,,,,,,,,,,,,,"0",,,,,,,,,,,,,,,,,"1.0",,,,,,,,,,,,"0","0",,,,,,,,,,,,,,,,,"0",,,,,,,,,
1,169,"Darrell Phillips         ",,,,,,,,,,,,,,,,"3",,,,,,,,,,,,,,,,,"1.0",,,,,,,,,,,,"0","0",,,,,,,,,,,,,,,,,"0",,,,,,,,,
1,170,"Hector Avila             ",,,,,,,,,,,,,,,,"0",,,,,,,,,,,,,,,,,"1.0",,,,,,,,,,,,"0","0",,,,,,,,,,,,,,,,,"0",,,,,,,,,
1,171,"Stephen Stagner          ",,,,,,,,,,,,,,,,"0",,,,,,,,,,,,,,,,,"0.0",,,,,,,,,,,,"0","0",,,,,,,,,,,,,,,,,"0",,,,,,,,,
1,172,"Norb Stroer              ",,,,,,,,,,,,,,,,"3",,,,,,,,,,,,,,,,,"0.0",,,,,,,,,,,,"0","0",,,,,,,,,,,,,,,,,"0",,,,,,,,,
1,173,"Bruce Breiner            ",,,,,,,,,,,,,,,,"0",,,,,,,,,,,,,,,,,"0.0",,,,,,,,,,,,"0","0",,,,,,,,,,,,,,,,,"0",,,,,,,,,
1,174,"Brian Brown              ",,,,,,,,,,,,,,,,"0",,,,,,,,,,,,,,,,,"0.0",,,,,,,,,,,,"0","0",,,,,,,,,,,,,,,,,"0",,,,,,,,,
1,175,"Walker Royce             ",,,,,,,,,,,,,,,,"3",,,,,,,,,,,,,,,,,"0.0",,,,,,,,,,,,"0","0",,,,,,,,,,,,,,,,,"0",,,,,,,,,
1,176,"Paul Christensen         ",,,,,,,,,,,,,,,,"0",,,,,,,,,,,,,,,,,"0.0",,,,,,,,,,,,"0","0",,,,,,,,,,,,,,,,,"0",,,,,,,,,
1,177,"Robert Myers             ",,,,,,,,,,,,,,,,"0",,,,,,,,,,,,,,,,,"0.0",,,,,,,,,,,,"0","0",,,,,,,,,,,,,,,,,"0",,,,,,,,,
1,178,"Bob Schultz              ",,,,,,,,,,,,,,,,"0",,,,,,,,,,,,,,,,,"0.0",,,,,,,,,,,,"0","0",,,,,,,,,,,,,,,,,"0",,,,,,,,,
1,179,"Matt Satchell            ",,,,,,,,,,,,,,,,"0",,,,,,,,,,,,,,,,,"0.0",,,,,,,,,,,,"0","0",,,,,,,,,,,,,,,,,"0",,,,,,,,,
1,180,"Mike Rogers              ",,,,,,,,,,,,,,,,"0",,,,,,,,,,,,,,,,,"0.0",,,,,,,,,,,,"0","0",,,,,,,,,,,,,,,,,"0",,,,,,,,,
1,181,,,,,,,,,,,,,,,,,,,,,,,,,,,,,,,,,,,,,,,,,,,,,,,,,,,,,,,,,,,,,,,,,,,,,,,,,
1,182,"TOTALS",,,,,,,,,,,,,,,,"11,080",,,,,,,,,,,,,,,,,"51,674.0",,,,,,,,,,,,"3,749","3,746",,,,,,,,,,,,,,,,,"1,376",,,,,,,,,
